{"cameraMode":{"drawMode":0,"name":"Shaded","section":"Shading Mode"},"sceneLighting":false,"audioPlay":false,"sceneViewState":{"m_AlwaysRefresh":false,"showFog":true,"showSkybox":true,"showFlares":true,"showImageEffects":true,"showParticleSystems":true,"showVisualEffectGraphs":true,"m_FxEnabled":true},"in2DMode":false,"pivot":{"x":3.792904853820801,"y":-4.744868278503418,"z":-17.73980712890625},"rotation":{"x":0.018639862537384034,"y":-0.9221373200416565,"z":0.38391122221946719,"w":0.04485771059989929},"size":15.176403999328614,"orthographic":false}