{"cameraMode":{"drawMode":0,"name":"Shaded","section":"Shading Mode"},"sceneLighting":false,"audioPlay":false,"sceneViewState":{"m_AlwaysRefresh":false,"showFog":true,"showSkybox":true,"showFlares":true,"showImageEffects":true,"showParticleSystems":true,"showVisualEffectGraphs":true,"m_FxEnabled":true},"in2DMode":false,"pivot":{"x":-0.0853419303894043,"y":2.619882345199585,"z":1.6882545948028565},"rotation":{"x":-0.0005512649076990783,"y":0.9978700280189514,"z":-0.008983551524579525,"w":-0.06564141809940338},"size":5.487484455108643,"orthographic":false}